Entity,Code,Year,Annual CO2 emissions (per capita)
Brazil,BRA,1856,0.028650621
Brazil,BRA,1857,0.03341477
Brazil,BRA,1858,0.03480425
Brazil,BRA,1859,0.044897646
Brazil,BRA,1860,0.05159468
Brazil,BRA,1861,0.047911853
Brazil,BRA,1862,0.04088697
Brazil,BRA,1863,0.04827255
Brazil,BRA,1864,0.05352549
Brazil,BRA,1865,0.0628613
Brazil,BRA,1866,0.06993306
Brazil,BRA,1867,0.05913751
Brazil,BRA,1868,0.079007916
Brazil,BRA,1869,0.06252123
Brazil,BRA,1870,0.07095229
Brazil,BRA,1871,0.08436733
Brazil,BRA,1872,0.0842056
Brazil,BRA,1873,0.099078625
Brazil,BRA,1874,0.094129875
Brazil,BRA,1875,0.08717049
Brazil,BRA,1876,0.07675679
Brazil,BRA,1877,0.078498445
Brazil,BRA,1878,0.08327771
Brazil,BRA,1879,0.06956303
Brazil,BRA,1880,0.07802751
Brazil,BRA,1881,0.08551095
Brazil,BRA,1882,0.077181265
Brazil,BRA,1883,0.09350129
Brazil,BRA,1884,0.10058415
Brazil,BRA,1885,0.09355589
Brazil,BRA,1886,0.09338007
Brazil,BRA,1887,0.09755127
Brazil,BRA,1888,0.09339209
Brazil,BRA,1889,0.132758
Brazil,BRA,1890,0.11976609
Brazil,BRA,1891,0.14170356
Brazil,BRA,1892,0.14343461
Brazil,BRA,1893,0.12858164
Brazil,BRA,1894,0.1471538
Brazil,BRA,1895,0.13622174
Brazil,BRA,1896,0.15901579
Brazil,BRA,1897,0.16233563
Brazil,BRA,1898,0.15545407
Brazil,BRA,1899,0.14801672
Brazil,BRA,1900,0.12582514
Brazil,BRA,1901,0.1253755
Brazil,BRA,1902,0.13537896
Brazil,BRA,1903,0.12670867
Brazil,BRA,1904,0.13405348
Brazil,BRA,1905,0.14279857
Brazil,BRA,1906,0.1581205
Brazil,BRA,1907,0.17738257
Brazil,BRA,1908,0.17401078
Brazil,BRA,1909,0.17475581
Brazil,BRA,1910,0.20503342
Brazil,BRA,1911,0.23573512
Brazil,BRA,1912,0.2348308
Brazil,BRA,1913,0.25635076
Brazil,BRA,1914,0.19143723
Brazil,BRA,1915,0.12924525
Brazil,BRA,1916,0.10776666
Brazil,BRA,1917,0.10957019
Brazil,BRA,1918,0.10036321
Brazil,BRA,1919,0.10981024
Brazil,BRA,1920,0.14365888
Brazil,BRA,1921,0.10248378
Brazil,BRA,1922,0.14007734
Brazil,BRA,1923,0.16337565
Brazil,BRA,1924,0.17767125
Brazil,BRA,1925,0.17483838
Brazil,BRA,1926,0.1754328
Brazil,BRA,1927,0.18979949
Brazil,BRA,1928,0.18735394
Brazil,BRA,1929,0.1912597
Brazil,BRA,1930,0.17116176
Brazil,BRA,1931,0.13831244
Brazil,BRA,1932,0.13575594
Brazil,BRA,1933,0.14408183
Brazil,BRA,1934,0.1406607
Brazil,BRA,1935,0.14372028
Brazil,BRA,1936,0.14709583
Brazil,BRA,1937,0.17272756
Brazil,BRA,1938,0.18052769
Brazil,BRA,1939,0.1381796
Brazil,BRA,1940,0.13602734
Brazil,BRA,1941,0.14752005
Brazil,BRA,1942,0.13438162
Brazil,BRA,1943,0.14447427
Brazil,BRA,1944,0.12814638
Brazil,BRA,1945,0.14445925
Brazil,BRA,1946,0.15386443
Brazil,BRA,1947,0.17976093
Brazil,BRA,1948,0.15357992
Brazil,BRA,1949,0.14034759
Brazil,BRA,1950,0.36808848
Brazil,BRA,1951,0.39367142
Brazil,BRA,1952,0.43979833
Brazil,BRA,1953,0.43157315
Brazil,BRA,1954,0.49266315
Brazil,BRA,1955,0.54787326
Brazil,BRA,1956,0.57170343
Brazil,BRA,1957,0.54480183
Brazil,BRA,1958,0.5735453
Brazil,BRA,1959,0.5556843
Brazil,BRA,1960,0.64723074
Brazil,BRA,1961,0.65861213
Brazil,BRA,1962,0.69749594
Brazil,BRA,1963,0.7013652
Brazil,BRA,1964,0.69489866
Brazil,BRA,1965,0.6714489
Brazil,BRA,1966,0.74486774
Brazil,BRA,1967,0.74658513
Brazil,BRA,1968,0.85103697
Brazil,BRA,1969,0.90373176
Brazil,BRA,1970,0.9802103
Brazil,BRA,1971,1.0470412
Brazil,BRA,1972,1.1385169
Brazil,BRA,1973,1.2871299
Brazil,BRA,1974,1.3608919
Brazil,BRA,1975,1.3968331
Brazil,BRA,1976,1.4027971
Brazil,BRA,1977,1.4384314
Brazil,BRA,1978,1.5321431
Brazil,BRA,1979,1.5862972
Brazil,BRA,1980,1.5361323
Brazil,BRA,1981,1.3809458
Brazil,BRA,1982,1.3512089
Brazil,BRA,1983,1.2782162
Brazil,BRA,1984,1.2631456
Brazil,BRA,1985,1.3290776
Brazil,BRA,1986,1.4257884
Brazil,BRA,1987,1.4596772
Brazil,BRA,1988,1.4440695
Brazil,BRA,1989,1.4475546
Brazil,BRA,1990,1.4660941
Brazil,BRA,1991,1.5119139
Brazil,BRA,1992,1.514185
Brazil,BRA,1993,1.5581279
Brazil,BRA,1994,1.5948387
Brazil,BRA,1995,1.6612229
Brazil,BRA,1996,1.7619154
Brazil,BRA,1997,1.8417492
Brazil,BRA,1998,1.8760916
Brazil,BRA,1999,1.9066247
Brazil,BRA,2000,1.9548694
Brazil,BRA,2001,1.9634919
Brazil,BRA,2002,1.9482254
Brazil,BRA,2003,1.9080936
Brazil,BRA,2004,1.9785614
Brazil,BRA,2005,1.9728992
Brazil,BRA,2006,1.9762384
Brazil,BRA,2007,2.0714304
Brazil,BRA,2008,2.1675887
Brazil,BRA,2009,2.0292332
Brazil,BRA,2010,2.2729201
Brazil,BRA,2011,2.3687463
Brazil,BRA,2012,2.531079
Brazil,BRA,2013,2.6825
Brazil,BRA,2014,2.7883182
Brazil,BRA,2015,2.6247756
Brazil,BRA,2016,2.4247248
Brazil,BRA,2017,2.4340892
Brazil,BRA,2018,2.3210201
Brazil,BRA,2019,2.2818863
Brazil,BRA,2020,2.1336446
Brazil,BRA,2021,2.3765984
Brazil,BRA,2022,2.3006458
Brazil,BRA,2023,2.3040087
China,CHN,1907,0.04840261
China,CHN,1908,0.055020537
China,CHN,1909,0.058310255
China,CHN,1910,0.059680074
China,CHN,1911,0.05827084
China,CHN,1912,0.039898846
China,CHN,1913,0.056213327
China,CHN,1914,0.061269186
China,CHN,1915,0.057669863
China,CHN,1916,0.0676246
China,CHN,1917,0.071104296
China,CHN,1918,0.07631273
China,CHN,1919,0.08266413
China,CHN,1920,0.08693245
China,CHN,1921,0.083120845
China,CHN,1922,0.08528475
China,CHN,1923,0.09890104
China,CHN,1924,0.103484906
China,CHN,1925,0.09701566
China,CHN,1926,0.09184579
China,CHN,1927,0.09602494
China,CHN,1928,0.09940985
China,CHN,1929,0.10044768
China,CHN,1930,0.102641396
China,CHN,1931,0.10696789
China,CHN,1932,0.10303524
China,CHN,1933,0.110256605
China,CHN,1934,0.12636147
China,CHN,1935,0.1462837
China,CHN,1936,0.15108936
China,CHN,1937,0.141227
China,CHN,1938,0.12139731
China,CHN,1939,0.14638789
China,CHN,1940,0.17756674
China,CHN,1941,0.22169025
China,CHN,1942,0.24687532
China,CHN,1943,0.20974888
China,CHN,1944,0.19717897
China,CHN,1945,0.1064322
China,CHN,1946,0.06839545
China,CHN,1947,0.078831576
China,CHN,1948,0.07197712
China,CHN,1949,0.11541034
China,CHN,1950,0.144906
China,CHN,1951,0.18440396
China,CHN,1952,0.22649479
China,CHN,1953,0.23163575
China,CHN,1954,0.27262098
China,CHN,1955,0.31566963
China,CHN,1956,0.3500462
China,CHN,1957,0.40577844
China,CHN,1958,0.81434524
China,CHN,1959,1.1033285
China,CHN,1960,1.2199105
China,CHN,1961,0.8701636
China,CHN,1962,0.6910784
China,CHN,1963,0.6672671
China,CHN,1964,0.653573
China,CHN,1965,0.69156134
China,CHN,1966,0.74011
China,CHN,1967,0.60474396
China,CHN,1968,0.63444245
China,CHN,1969,0.7575773
China,CHN,1970,0.98134804
China,CHN,1971,1.0771736
China,CHN,1972,1.1215358
China,CHN,1973,1.1424416
China,CHN,1974,1.1419429
China,CHN,1975,1.2915547
China,CHN,1976,1.3182049
China,CHN,1977,1.4210548
China,CHN,1978,1.5612195
China,CHN,1979,1.5740018
China,CHN,1980,1.5200888
China,CHN,1981,1.4798603
China,CHN,1982,1.5850471
China,CHN,1983,1.6463653
China,CHN,1984,1.7673312
China,CHN,1985,1.8853257
China,CHN,1986,1.9533491
China,CHN,1987,2.0595717
China,CHN,1988,2.175213
China,CHN,1989,2.1725519
China,CHN,1990,2.1540327
China,CHN,1991,2.2259324
China,CHN,1992,2.3052905
China,CHN,1993,2.4401822
China,CHN,1994,2.5671885
China,CHN,1995,2.755138
China,CHN,1996,2.8505082
China,CHN,1997,2.8325534
China,CHN,1998,2.6898472
China,CHN,1999,2.822838
China,CHN,2000,2.8743546
China,CHN,2001,2.9158025
China,CHN,2002,3.1884
China,CHN,2003,3.7397096
China,CHN,2004,4.0068736
China,CHN,2005,4.4900646
China,CHN,2006,4.927211
China,CHN,2007,5.2673674
China,CHN,2008,5.624066
China,CHN,2009,5.8777986
China,CHN,2010,6.378234
China,CHN,2011,7.0077763
China,CHN,2012,7.140667
China,CHN,2013,7.219921
China,CHN,2014,7.19784
China,CHN,2015,7.0648346
China,CHN,2016,6.953239
China,CHN,2017,7.084865
China,CHN,2018,7.2818375
China,CHN,2019,7.5264
China,CHN,2020,7.6471825
China,CHN,2021,8.025529
China,CHN,2022,7.9642863
China,CHN,2023,8.366814
European Union (27),,1800,0.009118063
European Union (27),,1801,0.007378109
European Union (27),,1802,0.07226808
European Union (27),,1803,0.007426314
European Union (27),,1804,0.026974672
European Union (27),,1805,0.011867919
European Union (27),,1806,0.01066949
European Union (27),,1807,0.023525918
European Union (27),,1808,0.010114886
European Union (27),,1809,0.010078469
European Union (27),,1810,0.02616926
European Union (27),,1811,0.025298532
European Union (27),,1812,0.025235424
European Union (27),,1813,0.023221593
European Union (27),,1814,0.024160666
European Union (27),,1815,0.02733594
European Union (27),,1816,0.038126983
European Union (27),,1817,0.046199854
European Union (27),,1818,0.046231378
European Union (27),,1819,0.045954663
European Union (27),,1820,0.049088627
European Union (27),,1821,0.051145405
European Union (27),,1822,0.053013325
European Union (27),,1823,0.057129394
European Union (27),,1824,0.05442937
European Union (27),,1825,0.064262256
European Union (27),,1826,0.06329052
European Union (27),,1827,0.07713854
European Union (27),,1828,0.07785404
European Union (27),,1829,0.069772236
European Union (27),,1830,0.11779541
European Union (27),,1831,0.1006049
European Union (27),,1832,0.09994153
European Union (27),,1833,0.106958486
European Union (27),,1834,0.11695608
European Union (27),,1835,0.123764336
European Union (27),,1836,0.1389793
European Union (27),,1837,0.1497476
European Union (27),,1838,0.15775809
European Union (27),,1839,0.16318744
European Union (27),,1840,0.1838064
European Union (27),,1841,0.19667633
European Union (27),,1842,0.21046594
European Union (27),,1843,0.20249647
European Union (27),,1844,0.2162059
European Union (27),,1845,0.24478117
European Union (27),,1846,0.27306446
European Union (27),,1847,0.29568374
European Union (27),,1848,0.26072177
European Union (27),,1849,0.267746
European Union (27),,1850,0.29367307
European Union (27),,1851,0.30881193
European Union (27),,1852,0.34458375
European Union (27),,1853,0.3794828
European Union (27),,1854,0.4364805
European Union (27),,1855,0.47893363
European Union (27),,1856,0.5055413
European Union (27),,1857,0.52390903
European Union (27),,1858,0.54908764
European Union (27),,1859,0.5363305
European Union (27),,1860,0.57757306
European Union (27),,1861,0.63120353
European Union (27),,1862,0.6791382
European Union (27),,1863,0.70214206
European Union (27),,1864,0.7548139
European Union (27),,1865,0.81432587
European Union (27),,1866,0.83146226
European Union (27),,1867,0.8859078
European Union (27),,1868,0.92353666
European Union (27),,1869,0.956313
European Union (27),,1870,0.9537504
European Union (27),,1871,1.0116377
European Union (27),,1872,1.116309
European Union (27),,1873,1.1867645
European Union (27),,1874,1.0310261
European Union (27),,1875,1.185013
European Union (27),,1876,1.2293643
European Union (27),,1877,1.1910022
European Union (27),,1878,1.2217522
European Union (27),,1879,1.2841516
European Union (27),,1880,1.4749632
European Union (27),,1881,1.4700406
European Union (27),,1882,1.5426388
European Union (27),,1883,1.6354663
European Union (27),,1884,1.6396893
European Union (27),,1885,1.6478387
European Union (27),,1886,1.643479
European Union (27),,1887,1.7089815
European Union (27),,1888,1.8251013
European Union (27),,1889,1.9090344
European Union (27),,1890,2.0078378
European Union (27),,1891,2.0743172
European Union (27),,1892,2.0271356
European Union (27),,1893,2.045743
European Union (27),,1894,2.132628
European Union (27),,1895,2.1811452
European Union (27),,1896,2.2920635
European Union (27),,1897,2.4061942
European Union (27),,1898,2.4935224
European Union (27),,1899,2.605853
European Union (27),,1900,2.7504094
European Union (27),,1901,2.7184482
European Union (27),,1902,2.645613
European Union (27),,1903,2.7987404
European Union (27),,1904,2.8274736
European Union (27),,1905,2.9462686
European Union (27),,1906,2.9819446
European Union (27),,1907,3.3753922
European Union (27),,1908,3.4709468
European Union (27),,1909,3.4223862
European Union (27),,1910,3.4691787
European Union (27),,1911,3.5290425
European Union (27),,1912,3.7791145
European Union (27),,1913,4.071703
European Union (27),,1914,3.4864995
European Union (27),,1915,3.2008977
European Union (27),,1916,3.367554
European Union (27),,1917,3.3428533
European Union (27),,1918,3.150357
European Union (27),,1919,2.4475107
European Union (27),,1920,3.0597284
European Union (27),,1921,3.1610403
European Union (27),,1922,3.224193
European Union (27),,1923,2.8678937
European Union (27),,1924,3.4549859
European Union (27),,1925,3.4658186
European Union (27),,1926,3.3222628
European Union (27),,1927,3.7039783
European Union (27),,1928,3.759519
European Union (27),,1929,4.096304
European Union (27),,1930,3.6959293
European Union (27),,1931,3.3049288
European Union (27),,1932,2.9013004
European Union (27),,1933,2.9722476
European Union (27),,1934,3.1831827
European Union (27),,1935,3.311232
European Union (27),,1936,3.4292347
European Union (27),,1937,3.8353462
European Union (27),,1938,3.8504226
European Union (27),,1939,3.941259
European Union (27),,1940,4.082122
European Union (27),,1941,4.0096703
European Union (27),,1942,4.0595922
European Union (27),,1943,4.086837
European Union (27),,1944,3.4969833
European Union (27),,1945,1.5091183
European Union (27),,1946,2.599749
European Union (27),,1947,3.0399096
European Union (27),,1948,3.3537977
European Union (27),,1949,3.6958723
European Union (27),,1950,3.8939776
European Union (27),,1951,4.325158
European Union (27),,1952,4.4649744
European Union (27),,1953,4.5135183
European Union (27),,1954,4.761154
European Union (27),,1955,5.1094565
European Union (27),,1956,5.4292383
European Union (27),,1957,5.5551286
European Union (27),,1958,5.460765
European Union (27),,1959,5.4975877
European Union (27),,1960,5.8999124
European Union (27),,1961,6.1299424
European Union (27),,1962,6.5081983
European Union (27),,1963,6.8882647
European Union (27),,1964,7.1882463
European Union (27),,1965,7.218554
European Union (27),,1966,7.3803062
European Union (27),,1967,7.4910903
European Union (27),,1968,7.8952146
European Union (27),,1969,8.3569355
European Union (27),,1970,8.667849
European Union (27),,1971,8.856128
European Union (27),,1972,9.124801
European Union (27),,1973,9.503384
European Union (27),,1974,9.396164
European Union (27),,1975,9.164586
European Union (27),,1976,9.812263
European Union (27),,1977,9.668044
European Union (27),,1978,9.946891
European Union (27),,1979,10.170706
European Union (27),,1980,10.029868
European Union (27),,1981,9.458792
European Union (27),,1982,9.201722
European Union (27),,1983,9.071424
European Union (27),,1984,9.133937
European Union (27),,1985,9.251053
European Union (27),,1986,9.1897955
European Union (27),,1987,9.241755
European Union (27),,1988,9.120197
European Union (27),,1989,9.175288
European Union (27),,1990,9.214598
European Union (27),,1991,9.027587
European Union (27),,1992,8.696673
European Union (27),,1993,8.507024
European Union (27),,1994,8.441406
European Union (27),,1995,8.537151
European Union (27),,1996,8.729384
European Union (27),,1997,8.564151
European Union (27),,1998,8.541549
European Union (27),,1999,8.408397
European Union (27),,2000,8.419039
European Union (27),,2001,8.532679
European Union (27),,2002,8.508337
European Union (27),,2003,8.659959
European Union (27),,2004,8.645041
European Union (27),,2005,8.596072
European Union (27),,2006,8.61288
European Union (27),,2007,8.472536
European Union (27),,2008,8.26802
European Union (27),,2009,7.574756
European Union (27),,2010,7.7711906
European Union (27),,2011,7.536311
European Union (27),,2012,7.3700943
European Union (27),,2013,7.1770205
European Union (27),,2014,6.8592596
European Union (27),,2015,6.9715643
European Union (27),,2016,6.952579
European Union (27),,2017,6.994051
European Union (27),,2018,6.8305554
European Union (27),,2019,6.492865
European Union (27),,2020,5.8676276
European Union (27),,2021,6.256661
European Union (27),,2022,6.1010814
European Union (27),,2023,5.571019
France,FRA,1802,0.076622
France,FRA,1804,0.07393558
France,FRA,1810,0.070469946
France,FRA,1811,0.067903295
France,FRA,1812,0.07308623
France,FRA,1813,0.06727743
France,FRA,1814,0.06846539
France,FRA,1815,0.076333165
France,FRA,1816,0.08116601
France,FRA,1817,0.086080305
France,FRA,1818,0.07678174
France,FRA,1819,0.082100935
France,FRA,1820,0.09271228
France,FRA,1821,0.095714025
France,FRA,1822,0.100134835
France,FRA,1823,0.09950061
France,FRA,1824,0.10972901
France,FRA,1825,0.122663274
France,FRA,1826,0.12594925
France,FRA,1827,0.18088658
France,FRA,1828,0.18988127
France,FRA,1829,0.18364692
France,FRA,1830,0.19692379
France,FRA,1831,0.1809741
France,FRA,1832,0.19870651
France,FRA,1833,0.21459202
France,FRA,1834,0.26293486
France,FRA,1835,0.2715916
France,FRA,1836,0.31054175
France,FRA,1837,0.3298498
France,FRA,1838,0.3432477
France,FRA,1839,0.33313882
France,FRA,1840,0.3381736
France,FRA,1841,0.39443934
France,FRA,1842,0.41288608
France,FRA,1843,0.411831
France,FRA,1844,0.43019587
France,FRA,1845,0.50076497
France,FRA,1846,0.5180938
France,FRA,1847,0.5803729
France,FRA,1848,0.4628796
France,FRA,1849,0.48037285
France,FRA,1850,0.5401483
France,FRA,1851,0.5501596
France,FRA,1852,0.59067684
France,FRA,1853,0.6923327
France,FRA,1854,0.79631627
France,FRA,1855,0.8994212
France,FRA,1856,0.9397137
France,FRA,1857,0.9551182
France,FRA,1858,0.9344241
France,FRA,1859,0.9428659
France,FRA,1860,1.0249465
France,FRA,1861,1.1057359
France,FRA,1862,1.1638623
France,FRA,1863,1.1783826
France,FRA,1864,1.2454354
France,FRA,1865,1.3076444
France,FRA,1866,1.4167037
France,FRA,1867,1.431795
France,FRA,1868,1.4608666
France,FRA,1869,1.4943383
France,FRA,1870,1.3234235
France,FRA,1871,1.3137927
France,FRA,1872,1.5900015
France,FRA,1873,1.71633
France,FRA,1874,1.6306893
France,FRA,1875,1.6966279
France,FRA,1876,1.6970373
France,FRA,1877,1.6577271
France,FRA,1878,1.6892104
France,FRA,1879,1.7456038
France,FRA,1880,1.9661164
France,FRA,1881,2.009875
France,FRA,1882,2.1170962
France,FRA,1883,2.215497
France,FRA,1884,2.1234424
France,FRA,1885,2.0371127
France,FRA,1886,2.016362
France,FRA,1887,2.119315
France,FRA,1888,2.2001383
France,FRA,1889,2.2501442
France,FRA,1890,2.474375
France,FRA,1891,2.474684
France,FRA,1892,2.4748344
France,FRA,1893,2.4268293
France,FRA,1894,2.564161
France,FRA,1895,2.583201
France,FRA,1896,2.6682394
France,FRA,1897,2.7900133
France,FRA,1898,2.8815835
France,FRA,1899,3.0096476
France,FRA,1900,3.2303777
France,FRA,1901,3.1198537
France,FRA,1902,2.9330056
France,FRA,1903,3.2201838
France,FRA,1904,3.1330132
France,FRA,1905,3.1646204
France,FRA,1906,3.3874516
France,FRA,1907,3.6069126
France,FRA,1908,3.630096
France,FRA,1909,3.7144277
France,FRA,1910,3.7331283
France,FRA,1911,3.900818
France,FRA,1912,3.9597802
France,FRA,1913,4.297789
France,FRA,1914,2.9899921
France,FRA,1915,2.6233315
France,FRA,1916,2.8037076
France,FRA,1917,3.1264672
France,FRA,1918,2.8037887
France,FRA,1919,3.0121102
France,FRA,1920,3.9392464
France,FRA,1921,3.5732992
France,FRA,1922,4.210048
France,FRA,1923,4.722255
France,FRA,1924,5.263511
France,FRA,1925,5.411551
France,FRA,1926,5.3742137
France,FRA,1927,5.3222127
France,FRA,1928,5.25259
France,FRA,1929,5.7868476
France,FRA,1930,5.850423
France,FRA,1931,5.345493
France,FRA,1932,4.712864
France,FRA,1933,4.907161
France,FRA,1934,4.962797
France,FRA,1935,4.8225775
France,FRA,1936,4.8966165
France,FRA,1937,5.389734
France,FRA,1938,5.0033183
France,FRA,1939,4.8274617
France,FRA,1940,3.4146125
France,FRA,1941,2.9683535
France,FRA,1942,3.0239975
France,FRA,1943,3.0806637
France,FRA,1944,1.9602842
France,FRA,1945,2.616853
France,FRA,1946,4.0204406
France,FRA,1947,4.4513903
France,FRA,1948,4.7462525
France,FRA,1949,5.5062785
France,FRA,1950,4.829598
France,FRA,1951,5.4030056
France,FRA,1952,5.305868
France,FRA,1953,4.9631915
France,FRA,1954,5.182416
France,FRA,1955,5.4146566
France,FRA,1956,6.0217137
France,FRA,1957,6.16162
France,FRA,1958,5.8503675
France,FRA,1959,5.6977515
France,FRA,1960,6.3884144
France,FRA,1961,6.743317
France,FRA,1962,7.0424156
France,FRA,1963,7.0806637
France,FRA,1964,7.647903
France,FRA,1965,7.467896
France,FRA,1966,7.7491465
France,FRA,1967,8.179463
France,FRA,1968,8.390319
France,FRA,1969,8.8229065
France,FRA,1970,9.079115
France,FRA,1971,9.639252
France,FRA,1972,9.952634
France,FRA,1973,10.347944
France,FRA,1974,9.940175
France,FRA,1975,9.162185
France,FRA,1976,9.903008
France,FRA,1977,9.551621
France,FRA,1978,9.917869
France,FRA,1979,9.937479
France,FRA,1980,9.495874
France,FRA,1981,8.487524
France,FRA,1982,8.089863
France,FRA,1983,7.732914
France,FRA,1984,7.4881167
France,FRA,1985,7.325313
France,FRA,1986,7.021127
France,FRA,1987,6.937787
France,FRA,1988,6.857584
France,FRA,1989,7.0623293
France,FRA,1990,6.9085035
France,FRA,1991,7.296101
France,FRA,1992,7.0770025
France,FRA,1993,6.7074523
France,FRA,1994,6.5654125
France,FRA,1995,6.629924
France,FRA,1996,6.8885245
France,FRA,1997,6.7415757
France,FRA,1998,7.0307403
France,FRA,1999,6.9734507
France,FRA,2000,6.8277373
France,FRA,2001,6.8515906
France,FRA,2002,6.7290745
France,FRA,2003,6.7823057
France,FRA,2004,6.7573004
France,FRA,2005,6.7471786
France,FRA,2006,6.5456576
France,FRA,2007,6.3430223
France,FRA,2008,6.1977158
France,FRA,2009,5.876987
France,FRA,2010,5.936185
France,FRA,2011,5.560235
France,FRA,2012,5.5642834
France,FRA,2013,5.5709805
France,FRA,2014,5.0522456
France,FRA,2015,5.106422
France,FRA,2016,5.1346755
France,FRA,2017,5.1635537
France,FRA,2018,4.9136443
France,FRA,2019,4.792605
France,FRA,2020,4.255957
France,FRA,2021,4.6245584
France,FRA,2022,4.428381
France,FRA,2023,4.101154
Germany,DEU,1800,0.044171557
Germany,DEU,1801,0.029240523
Germany,DEU,1802,0.029754901
Germany,DEU,1803,0.02830634
Germany,DEU,1804,0.05245813
Germany,DEU,1805,0.053302526
Germany,DEU,1806,0.047273606
Germany,DEU,1807,0.13335954
Germany,DEU,1808,0.043796904
Germany,DEU,1809,0.044674568
Germany,DEU,1810,0.046192635
Germany,DEU,1811,0.04306568
Germany,DEU,1812,0.041702244
Germany,DEU,1813,0.04004199
Germany,DEU,1814,0.039072905
Germany,DEU,1815,0.044824384
Germany,DEU,1816,0.1021735
Germany,DEU,1817,0.14253065
Germany,DEU,1818,0.14646468
Germany,DEU,1819,0.13376212
Germany,DEU,1820,0.1361196
Germany,DEU,1821,0.1402481
Germany,DEU,1822,0.14235331
Germany,DEU,1823,0.15628752
Germany,DEU,1824,0.12372251
Germany,DEU,1825,0.16412507
Germany,DEU,1826,0.15657145
Germany,DEU,1827,0.16771843
Germany,DEU,1828,0.16573869
Germany,DEU,1829,0.13103831
Germany,DEU,1830,0.17101406
Germany,DEU,1831,0.16203187
Germany,DEU,1832,0.12038958
Germany,DEU,1833,0.1513005
Germany,DEU,1834,0.15085933
Germany,DEU,1835,0.16690293
Germany,DEU,1836,0.17388494
Germany,DEU,1837,0.19722018
Germany,DEU,1838,0.21752897
Germany,DEU,1839,0.22798942
Germany,DEU,1840,0.29514763
Germany,DEU,1841,0.3044165
Germany,DEU,1842,0.34398574
Germany,DEU,1843,0.32294974
Germany,DEU,1844,0.33847037
Germany,DEU,1845,0.38910353
Germany,DEU,1846,0.40357685
Germany,DEU,1847,0.42012787
Germany,DEU,1848,0.38629287
Germany,DEU,1849,0.40705645
Germany,DEU,1850,0.4490097
Germany,DEU,1851,0.49647328
Germany,DEU,1852,0.5601497
Germany,DEU,1853,0.60221237
Germany,DEU,1854,0.70180196
Germany,DEU,1855,0.8183968
Germany,DEU,1856,0.87816346
Germany,DEU,1857,0.92877984
Germany,DEU,1858,0.9969994
Germany,DEU,1859,0.9394867
Germany,DEU,1860,1.003471
Germany,DEU,1861,1.1302289
Germany,DEU,1862,1.2347139
Germany,DEU,1863,1.3269968
Germany,DEU,1864,1.5084821
Germany,DEU,1865,1.6752176
Germany,DEU,1866,1.6456321
Germany,DEU,1867,1.7929425
Germany,DEU,1868,1.9109488
Germany,DEU,1869,1.9752913
Germany,DEU,1870,1.9321979
Germany,DEU,1871,2.1301944
Germany,DEU,1872,2.2750201
Germany,DEU,1873,2.4034545
Germany,DEU,1874,1.7304846
Germany,DEU,1875,2.4273689
Germany,DEU,1876,2.446672
Germany,DEU,1877,2.370372
Germany,DEU,1878,2.4199347
Germany,DEU,1879,2.538891
Germany,DEU,1880,2.8224943
Germany,DEU,1881,3.013424
Germany,DEU,1882,3.1931138
Germany,DEU,1883,3.3704581
Germany,DEU,1884,3.4352546
Germany,DEU,1885,3.481745
Germany,DEU,1886,3.4883993
Germany,DEU,1887,3.611334
Germany,DEU,1888,3.9121675
Germany,DEU,1889,4.1315155
Germany,DEU,1890,4.27808
Germany,DEU,1891,4.48249
Germany,DEU,1892,4.307531
Germany,DEU,1893,4.3616033
Germany,DEU,1894,4.473088
Germany,DEU,1895,4.580699
Germany,DEU,1896,4.858754
Germany,DEU,1897,5.115586
Germany,DEU,1898,5.2635717
Germany,DEU,1899,5.5158305
Germany,DEU,1900,5.8584833
Germany,DEU,1901,5.752767
Germany,DEU,1902,5.5575953
Germany,DEU,1903,5.893571
Germany,DEU,1904,6.0174766
Germany,DEU,1905,6.3640666
Germany,DEU,1906,5.935062
Germany,DEU,1907,7.143025
Germany,DEU,1908,7.10769
Germany,DEU,1909,7.010511
Germany,DEU,1910,6.9526906
Germany,DEU,1911,7.1282573
Germany,DEU,1912,7.752086
Germany,DEU,1913,8.3334255
Germany,DEU,1914,7.776015
Germany,DEU,1915,7.2489376
Germany,DEU,1916,7.8622327
Germany,DEU,1917,8.25984
Germany,DEU,1918,7.9522567
Germany,DEU,1919,6.1275907
Germany,DEU,1920,6.7833967
Germany,DEU,1921,7.458013
Germany,DEU,1922,7.145081
Germany,DEU,1923,5.1726303
Germany,DEU,1924,6.9938426
Germany,DEU,1925,7.0439167
Germany,DEU,1926,6.312412
Germany,DEU,1927,7.301617
Germany,DEU,1928,7.61232
Germany,DEU,1929,8.073647
Germany,DEU,1930,6.871657
Germany,DEU,1931,5.700178
Germany,DEU,1932,5.096256
Germany,DEU,1933,5.315258
Germany,DEU,1934,5.9089975
Germany,DEU,1935,6.495202
Germany,DEU,1936,7.124051
Germany,DEU,1937,7.9784474
Germany,DEU,1938,8.4533
Germany,DEU,1939,9.071787
Germany,DEU,1940,9.120772
Germany,DEU,1941,9.196745
Germany,DEU,1942,9.298256
Germany,DEU,1943,9.478794
Germany,DEU,1944,8.392185
Germany,DEU,1945,1.626086
Germany,DEU,1946,3.8143752
Germany,DEU,1947,4.4693284
Germany,DEU,1948,5.3269467
Germany,DEU,1949,6.0961905
Germany,DEU,1950,7.311354
Germany,DEU,1951,8.266675
Germany,DEU,1952,8.749926
Germany,DEU,1953,8.915293
Germany,DEU,1954,9.410676
Germany,DEU,1955,10.286589
Germany,DEU,1956,10.850425
Germany,DEU,1957,10.942861
Germany,DEU,1958,10.550005
Germany,DEU,1959,10.462024
Germany,DEU,1960,11.178848
Germany,DEU,1961,11.37754
Germany,DEU,1962,11.935194
Germany,DEU,1963,12.657607
Germany,DEU,1964,12.865128
Germany,DEU,1965,12.638417
Germany,DEU,1966,12.418865
Germany,DEU,1967,12.163438
Germany,DEU,1968,12.73635
Germany,DEU,1969,13.496876
Germany,DEU,1970,13.119635
Germany,DEU,1971,13.239202
Germany,DEU,1972,13.230208
Germany,DEU,1973,13.749271
Germany,DEU,1974,13.452803
Germany,DEU,1975,12.737271
Germany,DEU,1976,13.920084
Germany,DEU,1977,13.462953
Germany,DEU,1978,13.814602
Germany,DEU,1979,14.304777
Germany,DEU,1980,14.046617
Germany,DEU,1981,13.365831
Germany,DEU,1982,12.956836
Germany,DEU,1983,12.932133
Germany,DEU,1984,13.247031
Germany,DEU,1985,13.409607
Germany,DEU,1986,13.442258
Germany,DEU,1987,13.22588
Germany,DEU,1988,13.127654
Germany,DEU,1989,12.768382
Germany,DEU,1990,13.233256
Germany,DEU,1991,12.663626
Germany,DEU,1992,11.978323
Germany,DEU,1993,11.773518
Germany,DEU,1994,11.534621
Germany,DEU,1995,11.459825
Germany,DEU,1996,11.666093
Germany,DEU,1997,11.306132
Germany,DEU,1998,11.26054
Germany,DEU,1999,10.9630375
Germany,DEU,2000,10.990293
Germany,DEU,2001,11.1706505
Germany,DEU,2002,10.952268
Germany,DEU,2003,10.893721
Germany,DEU,2004,10.677804
Germany,DEU,2005,10.577881
Germany,DEU,2006,10.849607
Germany,DEU,2007,10.407519
Germany,DEU,2008,10.560956
Germany,DEU,2009,9.760277
Germany,DEU,2010,10.227274
Germany,DEU,2011,9.949727
Germany,DEU,2012,10.060882
Germany,DEU,2013,10.263162
Germany,DEU,2014,9.739702
Germany,DEU,2015,9.757169
Germany,DEU,2016,9.642492
Germany,DEU,2017,9.441107
Germany,DEU,2018,9.116708
Germany,DEU,2019,8.494897
Germany,DEU,2020,7.7528024
Germany,DEU,2021,8.109928
Germany,DEU,2022,7.985512
Germany,DEU,2023,7.0510206
India,IND,1858,0.001630635
India,IND,1859,0.002622529
India,IND,1860,0.002641374
India,IND,1861,0.002035771
India,IND,1862,0.002245715
India,IND,1863,0.002481271
India,IND,1864,0.002338916
India,IND,1865,0.002291242
India,IND,1866,0.002577757
India,IND,1878,0.006954148
India,IND,1879,0.00661162
India,IND,1880,0.007376274
India,IND,1881,0.007152246
India,IND,1882,0.008483122
India,IND,1883,0.00935244
India,IND,1884,0.010376405
India,IND,1885,0.009273
India,IND,1886,0.010368174
India,IND,1887,0.011375812
India,IND,1888,0.012549144
India,IND,1889,0.014703918
India,IND,1890,0.016115645
India,IND,1891,0.017284762
India,IND,1892,0.018952932
India,IND,1893,0.01999356
India,IND,1894,0.020230243
India,IND,1895,0.025301976
India,IND,1896,0.027325615
India,IND,1897,0.029601838
India,IND,1898,0.03268272
India,IND,1899,0.035929587
India,IND,1900,0.042497184
India,IND,1901,0.04676396
India,IND,1902,0.051255062
India,IND,1903,0.051971376
India,IND,1904,0.05781762
India,IND,1905,0.058773577
India,IND,1906,0.067479804
India,IND,1907,0.074727364
India,IND,1908,0.08500604
India,IND,1909,0.08200695
India,IND,1910,0.07948412
India,IND,1911,0.08363586
India,IND,1912,0.09608166
India,IND,1913,0.105915904
India,IND,1914,0.10660639
India,IND,1915,0.1113691
India,IND,1916,0.11253865
India,IND,1917,0.11748533
India,IND,1918,0.13189174
India,IND,1919,0.14359692
India,IND,1920,0.11597921
India,IND,1921,0.12397458
India,IND,1922,0.12101957
India,IND,1923,0.12333363
India,IND,1924,0.13069953
India,IND,1925,0.1277203
India,IND,1926,0.12605053
India,IND,1927,0.13091344
India,IND,1928,0.12405647
India,IND,1929,0.12777013
India,IND,1930,0.1284197
India,IND,1931,0.116239466
India,IND,1932,0.10668871
India,IND,1933,0.10328146
India,IND,1934,0.11374881
India,IND,1935,0.117218636
India,IND,1936,0.1136144
India,IND,1937,0.1241089
India,IND,1938,0.136815
India,IND,1939,0.13263759
India,IND,1940,0.13995251
India,IND,1941,0.14319769
India,IND,1942,0.14351086
India,IND,1943,0.1259883
India,IND,1944,0.12979308
India,IND,1945,0.14496106
India,IND,1946,0.14425357
India,IND,1947,0.1479919
India,IND,1948,0.14916655
India,IND,1949,0.15787825
India,IND,1950,0.1764548
India,IND,1951,0.18091984
India,IND,1952,0.18632445
India,IND,1953,0.18563625
India,IND,1954,0.19122282
India,IND,1955,0.20321785
India,IND,1956,0.2056893
India,IND,1957,0.22556178
India,IND,1958,0.23044969
India,IND,1959,0.23826177
India,IND,1960,0.25533834
India,IND,1961,0.26962334
India,IND,1962,0.28993317
India,IND,1963,0.30427772
India,IND,1964,0.29106772
India,IND,1965,0.31358773
India,IND,1966,0.31827557
India,IND,1967,0.31187224
India,IND,1968,0.3330088
India,IND,1969,0.3323091
India,IND,1970,0.3329081
India,IND,1971,0.3439615
India,IND,1972,0.35590243
India,IND,1973,0.35836738
India,IND,1974,0.36153805
India,IND,1975,0.38312688
India,IND,1976,0.39105973
India,IND,1977,0.40412185
India,IND,1978,0.4013089
India,IND,1979,0.4116552
India,IND,1980,0.42439717
India,IND,1981,0.44758826
India,IND,1982,0.45172
India,IND,1983,0.4776402
India,IND,1984,0.4789657
India,IND,1985,0.5145839
India,IND,1986,0.5391612
India,IND,1987,0.5628946
India,IND,1988,0.59430265
India,IND,1989,0.6390376
India,IND,1990,0.668225
India,IND,1991,0.6961713
India,IND,1992,0.7258895
India,IND,1993,0.73450357
India,IND,1994,0.75870293
India,IND,1995,0.7918992
India,IND,1996,0.8407051
India,IND,1997,0.8587551
India,IND,1998,0.85972553
India,IND,1999,0.9253892
India,IND,2000,0.93243545
India,IND,2001,0.92821974
India,IND,2002,0.94036025
India,IND,2003,0.95606565
India,IND,2004,0.9980951
India,IND,2005,1.034569
India,IND,2006,1.1019762
India,IND,2007,1.1695087
India,IND,2008,1.2330484
India,IND,2009,1.3155314
India,IND,2010,1.348904
India,IND,2011,1.3992052
India,IND,2012,1.5060124
India,IND,2013,1.53963
India,IND,2014,1.6371113
India,IND,2015,1.6823632
India,IND,2016,1.7520503
India,IND,2017,1.7847193
India,IND,2018,1.886328
India,IND,2019,1.8810879
India,IND,2020,1.726452
India,IND,2021,1.8909733
India,IND,2022,1.9861934
India,IND,2023,2.129469
Japan,JPN,1868,0.000320871
Japan,JPN,1869,0.000532443
Japan,JPN,1870,0.000529794
Japan,JPN,1871,0.000737579
Japan,JPN,1872,0.000942473
Japan,JPN,1873,0.001144138
Japan,JPN,1874,0.016529704
Japan,JPN,1875,0.040327102
Japan,JPN,1876,0.03903576
Japan,JPN,1877,0.035634115
Japan,JPN,1878,0.050978925
Japan,JPN,1879,0.063095115
Japan,JPN,1880,0.063514106
Japan,JPN,1881,0.06478428
Japan,JPN,1882,0.06688372
Japan,JPN,1883,0.0715289
Japan,JPN,1884,0.07733513
Japan,JPN,1885,0.08683663
Japan,JPN,1886,0.09268413
Japan,JPN,1887,0.11401958
Japan,JPN,1888,0.1306304
Japan,JPN,1889,0.15664284
Japan,JPN,1890,0.16768903
Japan,JPN,1891,0.1997487
Japan,JPN,1892,0.19670391
Japan,JPN,1893,0.20682833
Japan,JPN,1894,0.26339594
Japan,JPN,1895,0.2892916
Japan,JPN,1896,0.3026436
Japan,JPN,1897,0.31426576
Japan,JPN,1898,0.39637116
Japan,JPN,1899,0.3929726
Japan,JPN,1900,0.43704188
Japan,JPN,1901,0.518305
Japan,JPN,1902,0.5492697
Japan,JPN,1903,0.56122357
Japan,JPN,1904,0.62492174
Japan,JPN,1905,0.636351
Japan,JPN,1906,0.6903917
Japan,JPN,1907,0.728403
Japan,JPN,1908,0.7725069
Japan,JPN,1909,0.77609915
Japan,JPN,1910,0.789576
Japan,JPN,1911,0.8758014
Japan,JPN,1912,0.96459967
Japan,JPN,1913,1.0503626
Japan,JPN,1914,1.1084434
Japan,JPN,1915,0.99746436
Japan,JPN,1916,1.0928257
Japan,JPN,1917,1.2434045
Japan,JPN,1918,1.3025132
Japan,JPN,1919,1.424043
Japan,JPN,1920,1.318704
Japan,JPN,1921,1.1705152
Japan,JPN,1922,1.2345562
Japan,JPN,1923,1.2937083
Japan,JPN,1924,1.333551
Japan,JPN,1925,1.3591632
Japan,JPN,1926,1.3499742
Japan,JPN,1927,1.4420434
Japan,JPN,1928,1.4682201
Japan,JPN,1929,1.4871978
Japan,JPN,1930,1.3324836
Japan,JPN,1931,1.1888456
Japan,JPN,1932,1.1746082
Japan,JPN,1933,1.3583847
Japan,JPN,1934,1.4858857
Japan,JPN,1935,1.5420762
Japan,JPN,1936,1.6722602
Japan,JPN,1937,1.772255
Japan,JPN,1938,1.8376632
Japan,JPN,1939,1.7589908
Japan,JPN,1940,2.0823512
Japan,JPN,1941,2.0727978
Japan,JPN,1942,1.9546081
Japan,JPN,1943,1.9648433
Japan,JPN,1944,1.7846761
Japan,JPN,1945,0.9722865
Japan,JPN,1946,0.6595026
Japan,JPN,1947,0.8642439
Japan,JPN,1948,1.0720428
Japan,JPN,1949,1.1819394
Japan,JPN,1950,1.1862228
Japan,JPN,1951,1.4053243
Japan,JPN,1952,1.4632609
Japan,JPN,1953,1.6153115
Japan,JPN,1954,1.5609264
Japan,JPN,1955,1.5367649
Japan,JPN,1956,1.7229395
Japan,JPN,1957,2.0007293
Japan,JPN,1958,1.9127765
Japan,JPN,1959,2.0175116
Japan,JPN,1960,2.4152505
Japan,JPN,1961,2.9123466
Japan,JPN,1962,2.9903045
Japan,JPN,1963,3.2868834
Japan,JPN,1964,3.5974417
Japan,JPN,1965,3.8345695
Japan,JPN,1966,4.1200213
Japan,JPN,1967,4.7580194
Japan,JPN,1968,5.396918
Japan,JPN,1969,6.199048
Japan,JPN,1970,7.2132244
Japan,JPN,1971,7.4073963
Japan,JPN,1972,7.8822284
Japan,JPN,1973,8.265285
Japan,JPN,1974,8.162709
Japan,JPN,1975,7.675496
Japan,JPN,1976,7.943522
Japan,JPN,1977,8.094621
Japan,JPN,1978,7.7636642
Japan,JPN,1979,8.144295
Japan,JPN,1980,8.014067
Japan,JPN,1981,7.818616
Japan,JPN,1982,7.538247
Japan,JPN,1983,7.373303
Japan,JPN,1984,7.8127036
Japan,JPN,1985,7.574667
Japan,JPN,1986,7.531289
Japan,JPN,1987,7.3983235
Japan,JPN,1988,8.039859
Japan,JPN,1989,8.306624
Japan,JPN,1990,9.379217
Japan,JPN,1991,9.43655
Japan,JPN,1992,9.477865
Japan,JPN,1993,9.387158
Japan,JPN,1994,9.792672
Japan,JPN,1995,9.860497
Japan,JPN,1996,9.936032
Japan,JPN,1997,9.855353
Japan,JPN,1998,9.518783
Japan,JPN,1999,9.7884865
Japan,JPN,2000,9.950524
Japan,JPN,2001,9.817633
Japan,JPN,2002,10.032543
Japan,JPN,2003,10.084455
Japan,JPN,2004,10.037062
Japan,JPN,2005,10.087269
Japan,JPN,2006,9.900958
Japan,JPN,2007,10.172689
Japan,JPN,2008,9.614812
Japan,JPN,2009,9.075358
Japan,JPN,2010,9.476892
Japan,JPN,2011,9.873785
Japan,JPN,2012,10.208827
Japan,JPN,2013,10.297997
Japan,JPN,2014,9.913243
Japan,JPN,2015,9.610615
Japan,JPN,2016,9.461973
Japan,JPN,2017,9.345512
Japan,JPN,2018,9.0020485
Japan,JPN,2019,8.725202
Japan,JPN,2020,8.237894
Japan,JPN,2021,8.449323
Japan,JPN,2022,8.261654
Japan,JPN,2023,7.950287
United Kingdom,GBR,1750,1.0019121
United Kingdom,GBR,1760,1.070363
United Kingdom,GBR,1770,1.2627987
United Kingdom,GBR,1780,1.4520383
United Kingdom,GBR,1790,1.7707893
United Kingdom,GBR,1800,2.9153564
United Kingdom,GBR,1801,2.8286498
United Kingdom,GBR,1802,2.7656965
United Kingdom,GBR,1803,2.5437405
United Kingdom,GBR,1804,2.4763212
United Kingdom,GBR,1805,2.5825114
United Kingdom,GBR,1806,2.695625
United Kingdom,GBR,1807,2.811327
United Kingdom,GBR,1808,2.8766963
United Kingdom,GBR,1809,2.915259
United Kingdom,GBR,1810,2.8722124
United Kingdom,GBR,1811,2.8188872
United Kingdom,GBR,1812,2.7279038
United Kingdom,GBR,1813,2.6192143
United Kingdom,GBR,1814,2.5276635
United Kingdom,GBR,1815,2.4391406
United Kingdom,GBR,1816,2.3177464
United Kingdom,GBR,1817,2.3279696
United Kingdom,GBR,1818,2.303634
United Kingdom,GBR,1819,2.1739373
United Kingdom,GBR,1820,2.0557053
United Kingdom,GBR,1821,2.0387487
United Kingdom,GBR,1822,2.0682518
United Kingdom,GBR,1823,2.1145442
United Kingdom,GBR,1824,2.1529691
United Kingdom,GBR,1825,2.1886015
United Kingdom,GBR,1826,2.1842163
United Kingdom,GBR,1827,2.2401965
United Kingdom,GBR,1828,2.2364638
United Kingdom,GBR,1829,2.234891
United Kingdom,GBR,1830,2.8095102
United Kingdom,GBR,1831,2.6452432
United Kingdom,GBR,1832,2.5387402
United Kingdom,GBR,1833,2.4873807
United Kingdom,GBR,1834,2.6161683
United Kingdom,GBR,1835,2.8411562
United Kingdom,GBR,1836,3.0594063
United Kingdom,GBR,1837,2.9013233
United Kingdom,GBR,1838,2.8080924
United Kingdom,GBR,1839,2.8675888
United Kingdom,GBR,1840,3.0363529
United Kingdom,GBR,1841,3.0412488
United Kingdom,GBR,1842,3.1750915
United Kingdom,GBR,1843,3.2955952
United Kingdom,GBR,1844,3.490339
United Kingdom,GBR,1845,3.7006795
United Kingdom,GBR,1846,3.5360403
United Kingdom,GBR,1847,3.7643142
United Kingdom,GBR,1848,4.0223227
United Kingdom,GBR,1849,4.3204474
United Kingdom,GBR,1850,4.489172
United Kingdom,GBR,1851,4.252994
United Kingdom,GBR,1852,4.2159934
United Kingdom,GBR,1853,4.167399
United Kingdom,GBR,1854,4.9915624
United Kingdom,GBR,1855,4.6457763
United Kingdom,GBR,1856,4.969304
United Kingdom,GBR,1857,4.8508296
United Kingdom,GBR,1858,4.7254786
United Kingdom,GBR,1859,5.21251
United Kingdom,GBR,1860,5.8072352
United Kingdom,GBR,1861,6.007872
United Kingdom,GBR,1862,5.7708826
United Kingdom,GBR,1863,6.086277
United Kingdom,GBR,1864,6.4942226
United Kingdom,GBR,1865,6.8250237
United Kingdom,GBR,1866,6.974182
United Kingdom,GBR,1867,7.1007743
United Kingdom,GBR,1868,6.907395
United Kingdom,GBR,1869,7.185026
United Kingdom,GBR,1870,7.273863
United Kingdom,GBR,1871,7.6345577
United Kingdom,GBR,1872,7.967353
United Kingdom,GBR,1873,8.189286
United Kingdom,GBR,1874,7.8809423
United Kingdom,GBR,1875,8.238478
United Kingdom,GBR,1876,8.144492
United Kingdom,GBR,1877,8.210754
United Kingdom,GBR,1878,7.9860015
United Kingdom,GBR,1879,7.9602866
United Kingdom,GBR,1880,8.59724
United Kingdom,GBR,1881,8.958958
United Kingdom,GBR,1882,8.960591
United Kingdom,GBR,1883,9.250244
United Kingdom,GBR,1884,8.935579
United Kingdom,GBR,1885,8.759362
United Kingdom,GBR,1886,8.611424
United Kingdom,GBR,1887,8.762649
United Kingdom,GBR,1888,9.038788
United Kingdom,GBR,1889,9.284015
United Kingdom,GBR,1890,9.419005
United Kingdom,GBR,1891,9.533845
United Kingdom,GBR,1892,9.25243
United Kingdom,GBR,1893,8.21112
United Kingdom,GBR,1894,9.315627
United Kingdom,GBR,1895,9.317141
United Kingdom,GBR,1896,9.494172
United Kingdom,GBR,1897,9.656031
United Kingdom,GBR,1898,9.589032
United Kingdom,GBR,1899,10.180933
United Kingdom,GBR,1900,10.215249
United Kingdom,GBR,1901,9.90617
United Kingdom,GBR,1902,10.200084
United Kingdom,GBR,1903,10.190824
United Kingdom,GBR,1904,10.149534
United Kingdom,GBR,1905,10.193703
United Kingdom,GBR,1906,10.467203
United Kingdom,GBR,1907,10.839091
United Kingdom,GBR,1908,10.481716
United Kingdom,GBR,1909,10.493224
United Kingdom,GBR,1910,10.50297
United Kingdom,GBR,1911,10.698935
United Kingdom,GBR,1912,10.082025
United Kingdom,GBR,1913,10.975125
United Kingdom,GBR,1914,10.597855
United Kingdom,GBR,1915,10.691779
United Kingdom,GBR,1916,11.030396
United Kingdom,GBR,1917,10.85709
United Kingdom,GBR,1918,10.07166
United Kingdom,GBR,1919,9.811919
United Kingdom,GBR,1920,10.318364
United Kingdom,GBR,1921,7.1308627
United Kingdom,GBR,1922,9.444493
United Kingdom,GBR,1923,10.033588
United Kingdom,GBR,1924,10.532615
United Kingdom,GBR,1925,9.965467
United Kingdom,GBR,1926,5.655135
United Kingdom,GBR,1927,10.448244
United Kingdom,GBR,1928,9.884894
United Kingdom,GBR,1929,10.408271
United Kingdom,GBR,1930,10.021771
United Kingdom,GBR,1931,9.352548
United Kingdom,GBR,1932,8.96392
United Kingdom,GBR,1933,8.869657
United Kingdom,GBR,1934,9.531863
United Kingdom,GBR,1935,9.610427
United Kingdom,GBR,1936,10.09914
United Kingdom,GBR,1937,10.368437
United Kingdom,GBR,1938,9.919003
United Kingdom,GBR,1939,9.903666
United Kingdom,GBR,1940,10.3948345
United Kingdom,GBR,1941,10.344048
United Kingdom,GBR,1942,10.161616
United Kingdom,GBR,1943,10.065381
United Kingdom,GBR,1944,10.015328
United Kingdom,GBR,1945,9.231059
United Kingdom,GBR,1946,9.4255495
United Kingdom,GBR,1947,9.810102
United Kingdom,GBR,1948,10.14036
United Kingdom,GBR,1949,10.181252
United Kingdom,GBR,1950,9.991659
United Kingdom,GBR,1951,10.829935
United Kingdom,GBR,1952,10.470209
United Kingdom,GBR,1953,10.649365
United Kingdom,GBR,1954,10.852213
United Kingdom,GBR,1955,11.273707
United Kingdom,GBR,1956,11.17351
United Kingdom,GBR,1957,11.048381
United Kingdom,GBR,1958,10.711639
United Kingdom,GBR,1959,10.466076
United Kingdom,GBR,1960,11.116029
United Kingdom,GBR,1961,11.130099
United Kingdom,GBR,1962,11.130091
United Kingdom,GBR,1963,11.246088
United Kingdom,GBR,1964,11.254874
United Kingdom,GBR,1965,11.444496
United Kingdom,GBR,1966,11.304241
United Kingdom,GBR,1967,10.769831
United Kingdom,GBR,1968,10.97902
United Kingdom,GBR,1969,11.33115
United Kingdom,GBR,1970,11.723551
United Kingdom,GBR,1971,11.815778
United Kingdom,GBR,1972,11.555548
United Kingdom,GBR,1973,11.738589
United Kingdom,GBR,1974,10.977119
United Kingdom,GBR,1975,10.730088
United Kingdom,GBR,1976,10.649713
United Kingdom,GBR,1977,10.758394
United Kingdom,GBR,1978,10.764709
United Kingdom,GBR,1979,11.464372
United Kingdom,GBR,1980,10.288091
United Kingdom,GBR,1981,9.955751
United Kingdom,GBR,1982,9.739092
United Kingdom,GBR,1983,9.683387
United Kingdom,GBR,1984,9.372823
United Kingdom,GBR,1985,9.886288
United Kingdom,GBR,1986,10.018232
United Kingdom,GBR,1987,10.049351
United Kingdom,GBR,1988,10.000497
United Kingdom,GBR,1989,10.170591
United Kingdom,GBR,1990,10.4927225
United Kingdom,GBR,1991,10.588317
United Kingdom,GBR,1992,10.288521
United Kingdom,GBR,1993,10.017321
United Kingdom,GBR,1994,9.896297
United Kingdom,GBR,1995,9.735405
United Kingdom,GBR,1996,10.0647545
United Kingdom,GBR,1997,9.62765
United Kingdom,GBR,1998,9.697672
United Kingdom,GBR,1999,9.545588
United Kingdom,GBR,2000,9.635275
United Kingdom,GBR,2001,9.748509
United Kingdom,GBR,2002,9.40991
United Kingdom,GBR,2003,9.555585
United Kingdom,GBR,2004,9.530167
United Kingdom,GBR,2005,9.412128
United Kingdom,GBR,2006,9.301154
United Kingdom,GBR,2007,9.09334
United Kingdom,GBR,2008,8.785364
United Kingdom,GBR,2009,7.904937
United Kingdom,GBR,2010,8.124633
United Kingdom,GBR,2011,7.3959785
United Kingdom,GBR,2012,7.62153
United Kingdom,GBR,2013,7.4175463
United Kingdom,GBR,2014,6.764833
United Kingdom,GBR,2015,6.461413
United Kingdom,GBR,2016,6.061766
United Kingdom,GBR,2017,5.837845
United Kingdom,GBR,2018,5.6886244
United Kingdom,GBR,2019,5.4350777
United Kingdom,GBR,2020,4.84416
United Kingdom,GBR,2021,5.091122
United Kingdom,GBR,2022,4.6030793
United Kingdom,GBR,2023,4.4428244
United States,USA,1800,0.042136
United States,USA,1801,0.043749023
United States,USA,1802,0.046463702
United States,USA,1803,0.04675338
United States,USA,1804,0.051547863
United States,USA,1805,0.05170035
United States,USA,1806,0.049647022
United States,USA,1807,0.055148073
United States,USA,1808,0.056223534
United States,USA,1809,0.05672419
United States,USA,1810,0.057195846
United States,USA,1811,0.05957973
United States,USA,1812,0.0625836
United States,USA,1813,0.06519789
United States,USA,1814,0.06802918
United States,USA,1815,0.070616506
United States,USA,1816,0.07547438
United States,USA,1817,0.079147205
United States,USA,1818,0.08329477
United States,USA,1819,0.0788342
United States,USA,1820,0.07940742
United States,USA,1821,0.08064995
United States,USA,1822,0.08181233
United States,USA,1823,0.08290245
United States,USA,1824,0.09074809
United States,USA,1825,0.09872902
United States,USA,1826,0.111148365
United States,USA,1827,0.11888613
United States,USA,1828,0.12727666
United States,USA,1829,0.13939415
United States,USA,1830,0.15767905
United States,USA,1831,0.16626401
United States,USA,1832,0.21589011
United States,USA,1833,0.2451494
United States,USA,1834,0.22857675
United States,USA,1835,0.28379282
United States,USA,1836,0.30255765
United States,USA,1837,0.33012334
United States,USA,1838,0.3045117
United States,USA,1839,0.3247494
United States,USA,1840,0.3359056
United States,USA,1841,0.34518078
United States,USA,1842,0.37302932
United States,USA,1843,0.40623948
United States,USA,1844,0.47249264
United States,USA,1845,0.5519618
United States,USA,1846,0.6075555
United States,USA,1847,0.6989572
United States,USA,1848,0.7553745
United States,USA,1849,0.79568434
United States,USA,1850,0.83870095
United States,USA,1851,1.0133029
United States,USA,1852,1.0699053
United States,USA,1853,1.1693825
United States,USA,1854,1.2480785
United States,USA,1855,1.394424
United States,USA,1856,1.4202958
United States,USA,1857,1.4139436
United States,USA,1858,1.3925428
United States,USA,1859,1.4731518
United States,USA,1860,1.5011375
United States,USA,1861,1.4090402
United States,USA,1862,1.4285618
United States,USA,1863,1.6126716
United States,USA,1864,1.6866376
United States,USA,1865,1.6529324
United States,USA,1866,1.6266301
United States,USA,1867,1.9555545
United States,USA,1868,2.1599026
United States,USA,1869,2.401964
United States,USA,1870,2.4715502
United States,USA,1871,2.524375
United States,USA,1872,3.0265274
United States,USA,1873,3.2694678
United States,USA,1874,3.0782638
United States,USA,1875,3.0432105
United States,USA,1876,2.912211
United States,USA,1877,3.1561265
United States,USA,1878,3.0182126
United States,USA,1879,3.5994267
United States,USA,1880,3.986088
United States,USA,1881,4.1242743
United States,USA,1882,4.517172
United States,USA,1883,4.764769
United States,USA,1884,4.911519
United States,USA,1885,4.885538
United States,USA,1886,5.0466657
United States,USA,1887,5.2776074
United States,USA,1888,6.2780514
United States,USA,1889,5.5148797
United States,USA,1890,6.468085
United States,USA,1891,6.7461
United States,USA,1892,6.9749255
United States,USA,1893,6.9034314
United States,USA,1894,6.3442984
United States,USA,1895,7.033352
United States,USA,1896,6.918819
United States,USA,1897,7.067037
United States,USA,1898,7.563029
United States,USA,1899,8.516529
United States,USA,1900,8.856599
United States,USA,1901,9.463163
United States,USA,1902,9.83929
United States,USA,1903,11.294751
United States,USA,1904,10.9292755
United States,USA,1905,11.993248
United States,USA,1906,12.352037
United States,USA,1907,14.090626
United States,USA,1908,12.090888
United States,USA,1909,13.149926
United States,USA,1910,14.104886
United States,USA,1911,13.743023
United States,USA,1912,14.455241
United States,USA,1913,15.308516
United States,USA,1914,13.795953
United States,USA,1915,14.121179
United States,USA,1916,15.469336
United States,USA,1917,16.785204
United States,USA,1918,17.309261
United States,USA,1919,14.442194
United States,USA,1920,16.730282
United States,USA,1921,13.506341
United States,USA,1922,13.424879
United States,USA,1923,17.478342
United States,USA,1924,15.423299
United States,USA,1925,15.735723
United States,USA,1926,16.812035
United States,USA,1927,16.192951
United States,USA,1928,15.685378
United States,USA,1929,16.603048
United States,USA,1930,14.58597
United States,USA,1931,12.289558
United States,USA,1932,10.321664
United States,USA,1933,10.991698
United States,USA,1934,11.621933
United States,USA,1935,11.991493
United States,USA,1936,13.672
United States,USA,1937,14.204154
United States,USA,1938,11.926593
United States,USA,1939,13.037762
United States,USA,1940,14.487894
United States,USA,1941,15.615902
United States,USA,1942,16.58958
United States,USA,1943,16.911407
United States,USA,1944,17.948437
United States,USA,1945,17.084375
United States,USA,1946,16.121332
United States,USA,1947,17.508738
United States,USA,1948,17.940481
United States,USA,1949,14.822593
United States,USA,1950,16.48146
United States,USA,1951,16.734978
United States,USA,1952,16.066198
United States,USA,1953,16.212685
United States,USA,1954,15.213387
United States,USA,1955,16.417036
United States,USA,1956,16.940592
United States,USA,1957,16.535189
United States,USA,1958,15.768463
United States,USA,1959,15.986401
United States,USA,1960,16.07168
United States,USA,1961,15.733178
United States,USA,1962,16.033813
United States,USA,1963,16.470348
United States,USA,1964,16.929379
United States,USA,1965,17.37532
United States,USA,1966,18.013338
United States,USA,1967,18.462694
United States,USA,1968,18.91976
United States,USA,1969,19.65487
United States,USA,1970,20.884323
United States,USA,1971,20.745802
United States,USA,1972,21.485434
United States,USA,1973,22.257154
United States,USA,1974,21.28936
United States,USA,1975,20.437992
United States,USA,1976,21.468273
United States,USA,1977,21.902563
United States,USA,1978,21.924551
United States,USA,1979,22.010122
United States,USA,1980,20.92102
United States,USA,1981,20.183939
United States,USA,1982,18.959597
United States,USA,1983,18.69184
United States,USA,1984,19.47947
United States,USA,1985,19.251644
United States,USA,1986,19.11719
United States,USA,1987,19.605083
United States,USA,1988,20.334122
United States,USA,1989,20.474888
United States,USA,1990,20.21111
United States,USA,1991,19.740822
United States,USA,1992,19.931076
United States,USA,1993,20.076859
United States,USA,1994,20.206358
United States,USA,1995,20.227972
United States,USA,1996,20.722765
United States,USA,1997,20.800028
United States,USA,1998,20.763779
United States,USA,1999,20.81858
United States,USA,2000,21.351597
United States,USA,2001,20.781439
United States,USA,2002,20.712757
United States,USA,2003,20.731209
United States,USA,2004,20.877535
United States,USA,2005,20.736685
United States,USA,2006,20.26138
United States,USA,2007,20.308895
United States,USA,2008,19.395718
United States,USA,2009,17.79321
United States,USA,2010,18.259064
United States,USA,2011,17.656881
United States,USA,2012,16.852184
United States,USA,2013,17.119564
United States,USA,2014,17.110548
United States,USA,2015,16.485851
United States,USA,2016,15.957657
United States,USA,2017,15.689611
United States,USA,2018,16.050419
United States,USA,2019,15.578152
United States,USA,2020,13.889587
United States,USA,2021,14.793602
United States,USA,2022,14.870761
United States,USA,2023,14.299026
